"","HHId","ComunID","Round","Animals.value","TraditionalAssets.value","IndustrialAssets.value","Total.value","Nfields","HHmale","HHAge","route.distance.SB","ComunSize","HHSize"
"1","HH0001",213,3,130,645,3790.27,4565.27,NA,1,42,12,72,4
"2","HH0002",213,3,175,2360,3794.74,6329.74,NA,1,26,12,72,3
"3","HH0003",213,3,0,320,1447.22,1767.22,NA,1,23,12,72,2
"4","HH0004",213,3,4350,2670,4563.175,11583.175,4,1,43,12,72,7
"5","HH0005",213,3,60,2410,677.365,3147.365,2,1,39,12,72,5
"6","HH0006",213,3,60,2410,2155.875,4625.875,1,1,40,12,72,8
"7","HH0007",213,3,110,560,3321.08,3991.08,NA,1,28,12,72,5
"8","HH0008",213,3,75,2560,824.905,3459.905,NA,1,28,12,72,7
"9","HH0009",213,3,470,2830,5570.82,8870.82,3,1,55,12,72,6
"10","HH0010",5,3,167.5,2580,5702.96,8450.46,NA,1,44,118,45,12
"11","HH0010",5,2,52.5,620,3682.775,4355.275,NA,1,37,118,45,12
"12","HH0011",5,2,307.5,570,5595.955,6473.455,NA,1,65,118,45,2
"13","HH0011",5,3,720,2640,4224.17,7584.17,NA,1,72,118,45,2
"14","HH0012",5,3,40,100,8149.155,8289.155,NA,1,71,118,45,2
"15","HH0013",5,2,1612.5,5030,10590.965,17233.465,NA,1,30,118,45,2
"16","HH0014",5,3,442.5,2860,4435.66,7738.16,NA,1,48,118,45,2
"17","HH0014",5,2,1720,1050,8278.365,11048.365,NA,1,41,118,45,2
"18","HH0015",5,3,55,390,381.83,826.83,NA,1,30,118,45,5
"19","HH0016",5,3,920,2870,4490.77,8280.77,NA,1,27,118,45,2
"20","HH0016",5,2,20,2210,764.04,2994.04,NA,1,20,118,45,2
"21","HH0017",5,3,605,2820,4235.72,7660.72,4,1,33,118,45,3
"22","HH0018",5,3,570,920,4522.645,6012.645,NA,1,56,118,45,2
"23","HH0018",5,2,420,5030,8473.085,13923.085,NA,1,49,118,45,2
"24","HH0019",5,2,0,530,4423.72,4953.72,NA,1,25,118,45,2
"25","HH0019",5,3,1097.5,2670,4523.6,8291.1,NA,1,32,118,45,2
"26","HH0020",5,2,20,510,309.11,839.11,NA,1,33,118,45,2
"27","HH0021",5,3,202.5,560,513.345,1275.845,NA,1,22,118,45,1
"28","HH0022",5,3,1270,2630,6275.79,10175.79,NA,1,46,118,45,2
"29","HH0023",5,3,20,50,404.345,474.345,NA,1,17,118,45,2
"30","HH0024",110,2,217.5,2580,803.37,3600.87,3,1,30,101,76,5
"31","HH0025",110,2,3890,680,846.8,5416.8,NA,1,21,101,76,2
"32","HH0026",110,2,487.5,850,1596.975,2934.475,2,1,46,101,76,2
"33","HH0027",110,2,8612.5,1365,4491.435,14468.935,2,1,49,101,76,10
"34","HH0028",110,2,785,1080,5392.385,7257.385,3,1,38,101,76,7
"35","HH0029",110,2,55,820,4114.07,4989.07,2,1,75,101,76,3
"36","HH0030",110,2,585,800,5424.485,6809.485,3,1,54,101,76,5
"37","HH0031",110,2,557.5,930,4317.9,5805.4,2,1,43,101,76,6
"38","HH0032",110,2,1812.5,920,4876.005,7608.505,2,1,38,101,76,6
"39","HH0033",110,2,1427.5,1815,5131.525,8374.025,2,1,73,101,76,4
"40","HH0034",110,2,510,1050,2147.21,3707.21,4,1,51,101,76,8
"41","HH0035",85,2,2347.5,2790,4455.195,9592.695,NA,1,40,136,27,2
"42","HH0036",85,3,752.5,3555,4662.865,8970.365,NA,1,30,136,27,7
"43","HH0037",85,3,360,2640,493.1,3493.1,3,1,63,136,27,6
"44","HH0038",27,3,3445,3070,726.87,7241.87,NA,1,37,85,145,1
"45","HH0038",85,2,3452.5,4920,5157.965,13530.465,NA,1,31,136,27,1
"46","HH0039",85,2,1395,430,961.65,2786.65,NA,1,47,136,27,2
"47","HH0040",85,2,1222.5,2620,723.83,4566.33,NA,1,32,136,27,2
"48","HH0041",85,2,1745,5155,6074.165,12974.165,4,1,49,136,27,4
"49","HH0041",27,3,6062.5,2930,3898.6,12891.1,NA,1,56,85,145,4
"50","HH0042",85,2,4692.5,2790,5909.665,13392.165,2,1,51,136,27,5
"51","HH0042",85,3,3287.5,3340,5096.355,11723.855,3,1,58,136,27,5
"52","HH0043",85,3,1717.5,3040,4476.985,9234.485,NA,1,36,136,27,3
"53","HH0044",85,2,350,250,3367.1,3967.1,NA,1,33,136,27,2
"54","HH0045",13,2,380,940,5533.77,6853.77,NA,0,41,66,49,2
"55","HH0045",13,3,1565,2670,7249.785,11484.785,NA,0,48,66,49,2
"56","HH0046",13,2,20,50,4001.53,4071.53,NA,1,33,66,49,2
"57","HH0047",13,2,3730,3990,9085.845,16805.845,NA,1,38,66,49,2
"58","HH0047",13,3,1270,2740,7511.79,11521.79,NA,1,45,66,49,2
"59","HH0048",13,2,200,570,497.02,1267.02,2,1,22,66,49,4
"60","HH0049",13,3,80,580,4388.04,5048.04,NA,1,73,66,49,2
"61","HH0049",27,2,170,720,7594.245,8484.245,NA,1,67,85,145,2
"62","HH0050",13,2,170,530,1358.76,2058.76,NA,1,30,66,49,2
"63","HH0051",13,3,1435,3290,8495.85,13220.85,NA,1,40,66,49,2
"64","HH0052",13,2,0,0,210.925,210.925,NA,1,71,66,49,2
"65","HH0053",13,2,165,410,608.625,1183.625,NA,1,20,66,49,2
"66","HH0054",NA,2,605,820,1081.475,2506.475,NA,1,30,NA,NA,7
"67","HH0055",15,2,272.5,260,484.91,1017.41,2,1,47,19,153,6
"68","HH0055",15,3,825,2480,4854.475,8159.475,1,1,53,19,153,6
"69","HH0056",15,2,787.5,2630,3675.505,7093.005,2,0,21,19,153,6
"70","HH0057",15,2,75,780,370.005,1225.005,NA,1,42,19,153,5
"71","HH0058",15,3,1417.5,2540,4900.47,8857.97,2,1,54,19,153,6
"72","HH0058",15,2,752.5,3170,3697.615,7620.115,3,1,47,19,153,6
"73","HH0059",15,3,480,2320,1058.395,3858.395,NA,1,26,19,153,5
"74","HH0060",15,3,110,50,533.97,693.97,NA,1,28,19,153,1
"75","HH0061",15,2,1192.5,2885,13451.865,17529.365,3,1,45,19,153,11
"76","HH0061",15,3,1062.5,4490,8076.75,13629.25,3,1,52,19,153,11
"77","HH0062",15,3,185,2380,320.05,2885.05,NA,1,37,19,153,7
"78","HH0062",51,2,205,720,4637.37,5562.37,2,1,31,107,346,7
"79","HH0063",15,3,985,370,4720.08,6075.08,0,1,51,19,153,5
"80","HH0064",15,2,200,200,366.37,766.37,3,1,21,19,153,3
"81","HH0065",15,2,215,200,258.705,673.705,NA,1,20,19,153,6
"82","HH0065",15,3,95,1030,760.885,1885.885,NA,1,26,19,153,6
"83","HH0066",15,3,240,610,1144.86,1994.86,NA,1,23,19,153,4
"84","HH0067",15,3,517.5,2380,1345.48,4242.98,0,1,41,19,153,6
"85","HH0067",200,2,660,2845,1979.175,5484.175,2,1,34,43,100,6
"86","HH0068",15,3,987.5,4590,3772.01,9349.51,NA,1,31,19,153,7
"87","HH0069",15,3,567.5,2610,1120.615,4298.115,NA,1,22,19,153,5
"88","HH0070",15,2,310,2530,4526.66,7366.66,5,1,75,19,153,4
"89","HH0071",15,2,52.5,830,1405.205,2287.705,NA,1,34,19,153,8
"90","HH0072",15,3,297.5,665,1102.3275,2064.8275,NA,1,25,19,153,4
"91","HH0073",15,3,385,540,911.49,1836.49,0,1,69,19,153,3
"92","HH0073",15,2,652.5,1850,3448.1,5950.6,3,1,62,19,153,3
"93","HH0074",15,3,585,560,1710.75,2855.75,NA,1,37,19,153,5
"94","HH0075",15,2,450,450,5209.8,6109.8,NA,1,39,19,153,2
"95","HH0076",15,3,425,320,1361.06,2106.06,NA,1,19,19,153,6
"96","HH0077",15,3,565,2870,5968.05,9403.05,NA,1,35,19,153,7
"97","HH0077",15,2,840,360,3950.58,5150.58,NA,1,29,19,153,7
"98","HH0078",15,2,0,510,877.2,1387.2,NA,1,23,19,153,2
"99","HH0079",15,3,425,1205,4717.975,6347.975,2,1,45,19,153,11
"100","HH0079",15,2,110,520,7449.605,8079.605,NA,1,39,19,153,11
"101","HH0080",15,2,380,740,623.925,1743.925,NA,1,22,19,153,5
"102","HH0080",15,3,1075,770,1852.02,3697.02,NA,1,28,19,153,5
"103","HH0081",15,3,470,360,1210.07,2040.07,0,0,63,19,153,1
"104","HH0082",15,3,280,570,1399.88,2249.88,5,1,39,19,153,9
"105","HH0082",15,2,290,260,942.86,1492.86,NA,1,33,19,153,9
"106","HH0083",15,2,17.5,420,616.55,1054.05,NA,1,23,19,153,8
"107","HH0083",15,3,495,2780,1082.81,4357.81,NA,1,30,19,153,8
"108","HH0084",15,3,260,4530,5989.3,10779.3,0,0,83,19,153,3
"109","HH0085",15,3,1112.5,320,2206.205,3638.705,NA,1,40,19,153,7
"110","HH0085",15,2,202.5,570,570.205,1342.705,NA,1,34,19,153,7
"111","HH0086",15,3,332.5,980,1387.845,2700.345,3,1,46,19,153,8
"112","HH0087",15,2,282.5,520,1188.83,1991.33,3,1,33,19,153,10
"113","HH0088",15,2,930,630,2043.99,3603.99,1,1,52,19,153,6
"114","HH0088",15,3,680,680,4699.69,6059.69,3,1,58,19,153,6
"115","HH0089",15,2,570,3080,4437.49,8087.49,NA,1,61,19,153,5
"116","HH0090",15,3,1030,2770,5030.265,8830.265,3,1,67,19,153,8
"117","HH0090",200,2,1705,1030,2674.405,5409.405,2,1,60,43,100,8
"118","HH0091",15,3,110,6530,1225.57,7865.57,NA,1,35,19,153,6
"119","HH0091",200,2,60,710,4016.52,4786.52,1,1,29,43,100,6
"120","HH0092",15,2,110,50,1491.44,1651.44,NA,1,38,19,153,8
"121","HH0092",15,3,380,590,1397.925,2367.925,NA,1,44,19,153,8
"122","HH0093",15,3,6867.5,4320,1333.725,12521.225,NA,1,31,19,153,7
"123","HH0094",15,3,255,900,618.12,1773.12,NA,1,31,19,153,5
"124","HH0095",15,2,6642.5,4580,4564.07,15786.57,3,1,59,19,153,4
"125","HH0096",15,3,1250,2380,5024,8654,2,1,46,19,153,9
"126","HH0096",15,2,435,2530,1804.275,4769.275,NA,1,39,19,153,9
"127","HH0097",15,2,287.5,50,1783.645,2121.145,NA,1,55,19,153,3
"128","HH0098",15,2,390,530,4402.07,5322.07,NA,1,30,19,153,6
"129","HH0099",15,2,0,2150,4646.975,6796.975,NA,1,38,19,153,1
"130","HH0100",19,2,517.5,2730,1042.415,4289.915,NA,1,38,133,46,2
"131","HH0100",19,3,1345,4840,5880.36,12065.36,NA,1,45,133,46,2
"132","HH0101",19,3,677.5,5290,4616.085,10583.585,NA,1,43,133,46,2
"133","HH0102",19,3,1290,3050,1829.86,6169.86,NA,1,36,133,46,2
"134","HH0102",19,2,345,500,728.71,1573.71,NA,1,29,133,46,2
"135","HH0103",19,2,1272.5,2670,3673.2,7615.7,NA,1,36,133,46,2
"136","HH0104",19,3,2345,2920,4319.215,9584.215,NA,1,27,133,46,2
"137","HH0105",19,3,1060,11840,6343.215,19243.215,NA,1,57,133,46,2
"138","HH0105",19,2,475,2930,4753.66,8158.66,NA,1,50,133,46,2
"139","HH0106",19,3,2327.5,710,3772.2,6809.7,NA,1,38,133,46,2
"140","HH0106",19,2,730,2810,3211.05,6751.05,NA,1,32,133,46,2
"141","HH0107",19,2,1522.5,3220,2357.195,7099.695,NA,1,70,133,46,2
"142","HH0108",19,2,5182.5,5280,9019.915,19482.415,NA,1,45,133,46,2
"143","HH0108",19,3,1125,4220,10540.87,15885.87,NA,1,52,133,46,2
"144","HH0109",19,3,130,6520,330.34,6980.34,NA,1,27,133,46,2
"145","HH0110",200,2,280,150,304.705,734.705,NA,1,21,43,100,3
"146","HH0111",200,2,1337.5,695,6659.55,8692.05,2,1,49,43,100,9
"147","HH0112",200,2,112.5,2880,1424.085,4416.585,2,1,44,43,100,11
"148","HH0113",200,2,75,110,235.955,420.955,2,1,33,43,100,2
"149","HH0114",200,2,55,2350,2470.64,4875.64,2,1,36,43,100,6
"150","HH0115",200,2,410,2890,6318.78,9618.78,0,1,59,43,100,7
"151","HH0116",200,2,235,0,1004.31,1239.31,NA,1,22,43,100,2
"152","HH0117",200,2,40,110,601.39,751.39,NA,1,26,43,100,6
"153","HH0118",200,2,217.5,360,344.185,921.685,3,0,17,43,100,2
"154","HH0119",200,2,402.5,370,736.38,1508.88,2,1,39,43,100,5
"155","HH0120",200,2,0,650,474.73,1124.73,NA,1,17,43,100,2
"156","HH0121",200,2,465,2720,3760.205,6945.205,2,0,59,43,100,6
"157","HH0122",200,2,327.5,2410,780.443,3517.943,4,1,29,43,100,4
"158","HH0123",200,2,165,2270,4746.655,7181.655,1,1,25,43,100,5
"159","HH0124",200,2,110,100,5394.955,5604.955,3,1,68,43,100,4
"160","HH0125",200,2,160,2320,1183.65,3663.65,2,1,25,43,100,6
"161","HH0126",200,2,161.25,2585,5598.685,8344.935,2,1,33,43,100,5
"162","HH0127",200,2,100,2740,4298.71,7138.71,8,1,60,43,100,3
"163","HH0128",200,2,400,2320,1263.88,3983.88,3,1,36,43,100,6
"164","HH0129",200,2,590,2380,2251.1,5221.1,2,1,28,43,100,7
"165","HH0130",200,2,290,674,749.18,1713.18,3,1,38,43,100,7
"166","HH0131",200,2,407.5,2470,4729.74,7607.24,2,1,68,43,100,2
"167","HH0132",200,2,690,2720,3598.135,7008.135,2,1,55,43,100,5
"168","HH0133",200,2,295,2530,2001.305,4826.305,2,1,34,43,100,11
"169","HH0134",200,2,40,770,722.81,1532.81,2,1,42,43,100,9
"170","HH0135",200,2,360,2630,2413.415,5403.415,3,1,46,43,100,7
"171","HH0136",200,2,295,620,5434.3,6349.3,2,1,57,43,100,4
"172","HH0137",22,2,582.5,580,4761.73,5924.23,2,1,31,34,129,7
"173","HH0138",22,2,335,2590,5147.685,8072.685,3,1,53,34,129,6
"174","HH0139",22,2,482.5,4930,1425.63,6838.13,6.5,1,40,34,129,8
"175","HH0139",22,3,130,4960,1384.025,6474.025,1.5,1,47,34,129,8
"176","HH0140",22,2,57.5,785,1287.69,2130.19,3,1,22,34,129,2
"177","HH0141",22,3,425,730,4573.345,5728.345,1,1,45,34,129,3
"178","HH0142",22,2,320,3480,1715.845,5515.845,2,1,59,34,129,4
"179","HH0143",22,3,0,4840,1475.03,6315.03,2,1,49,34,129,9
"180","HH0144",22,2,2353.5,380,5214.955,7948.455,2,1,22,34,129,4
"181","HH0145",22,2,382.5,2420,4492.535,7295.035,3,1,36,34,129,7
"182","HH0146",22,2,252.5,530,360.6,1143.1,3,1,70,34,129,1
"183","HH0147",22,2,200,510,494.14,1204.14,3,1,20,34,129,2
"184","HH0148",22,2,615,590,884.87,2089.87,5,1,29,34,129,9
"185","HH0149",22,2,247.5,4360,613.28,5220.78,NA,1,20,34,129,3
"186","HH0150",22,2,515,2640,4681.12,7836.12,2,1,58,34,129,4
"187","HH0151",22,2,525,210,6209.58,6944.58,3,1,48,34,129,3
"188","HH0152",22,2,280,2240,638.09,3158.09,3,1,45,34,129,8
"189","HH0152",56,3,640,670,610.29,1920.29,NA,1,51,93,67,8
"190","HH0153",22,3,17.5,770,1795.425,2582.925,NA,1,22,34,129,4
"191","HH0153",22,2,92.5,50,169.28,311.78,NA,1,16,34,129,4
"192","HH0154",22,2,360,560,854.575,1774.575,3,1,29,34,129,6
"193","HH0155",22,2,170,410,1276.705,1856.705,2,1,36,34,129,6
"194","HH0156",22,2,450,1245,5241.45,6936.45,NA,0,69,34,129,4
"195","HH0157",22,2,55,520,4315.4,4890.4,1,1,18,34,129,2
"196","HH0158",22,3,1127.5,4765,4913.6,10806.1,NA,1,24,34,129,5
"197","HH0158",22,2,37.5,50,610.595,698.095,4,1,17,34,129,5
"198","HH0159",22,2,20,310,3683.63,4013.63,1,1,18,34,129,3
"199","HH0160",22,2,0,260,480.15,740.15,1,1,19,34,129,3
"200","HH0161",22,3,185,3080,4335.545,7600.545,1,1,58,34,129,2
"201","HH0162",22,2,557.5,560,1893.53,3011.03,2,1,23,34,129,3
"202","HH0163",22,2,490,4470,4816.83,9776.83,2,1,35,34,129,4
"203","HH0164",22,3,20,1070,586.885,1676.885,1,1,44,34,129,5
"204","HH0165",22,3,0,2570,1382.265,3952.265,2,1,41,34,129,13
"205","HH0165",22,2,505,2805,1150.9775,4460.9775,4,1,34,34,129,13
"206","HH0166",22,2,797.5,2720,3084.875,6602.375,4,1,54,34,129,5
"207","HH0167",22,2,20,620,1576.32,2216.32,2,1,23,34,129,4
"208","HH0168",22,2,35,470,3624.41,4129.41,2,1,40,34,129,8
"209","HH0169",22,2,1132.5,4800,2279.215,8211.715,1,1,39,34,129,10
"210","HH0170",22,2,307.5,785,643,1735.5,1,1,21,34,129,4
"211","HH0171",22,2,455,60,7049.02,7564.02,1,1,71,34,129,2
"212","HH0172",22,2,20,470,1357.55,1847.55,3,1,19,34,129,5
"213","HH0173",22,2,697.5,1205,453.27,2355.77,2,1,35,34,129,4
"214","HH0174",22,2,77.5,2620,5123.055,7820.555,3,1,74,34,129,5
"215","HH0175",22,2,180,320,680.69,1180.69,2,1,18,34,129,3
"216","HH0176",233,3,560,980,5352.455,6892.455,3,1,58,26,86,7
"217","HH0177",233,3,440,770,3592.165,4802.165,NA,1,26,26,86,7
"218","HH0178",233,3,925,2530,1463,4918,NA,1,39,26,86,4
"219","HH0179",233,3,805,770,3893.55,5468.55,NA,1,27,26,86,7
"220","HH0180",233,3,695,220,1343.495,2258.495,NA,1,22,26,86,3
"221","HH0181",233,3,0,2830,2068.425,4898.425,4,1,31,26,86,5
"222","HH0182",233,3,0,200,570.58,770.58,NA,1,18,26,86,3
"223","HH0183",233,3,292.5,1295,538.695,2126.195,NA,1,22,26,86,3
"224","HH0184",233,3,2205,580,4247.85,7032.85,3,1,42,26,86,2
"225","HH0185",233,3,2500,4680,5863.32,13043.32,1,1,52,26,86,4
"226","HH0186",233,3,1690,1500,5460.71,8650.71,2,1,45,26,86,9
"227","HH0187",233,3,110,580,3745.935,4435.935,NA,1,23,26,86,7
"228","HH0188",233,3,382.5,770,3909.31,5061.81,NA,1,20,26,86,4
"229","HH0189",233,3,725,2980,4301.13,8006.13,0,1,51,26,86,3
"230","HH0190",233,3,220,2750,1183.35,4153.35,NA,1,32,26,86,7
"231","HH0191",233,3,515,2830,4834.995,8179.995,2,1,64,26,86,8
"232","HH0192",233,3,1630,1095,2395.815,5120.815,2,1,48,26,86,9
"233","HH0193",233,3,185,470,697.25,1352.25,NA,1,26,26,86,2
"234","HH0194",233,3,170,2770,5388.035,8328.035,1,1,55,26,86,5
"235","HH0195",233,3,367.5,840,1949.86,3157.36,2,1,48,26,86,7
"236","HH0196",233,3,915,2520,5401.33,8836.33,NA,1,38,26,86,7
"237","HH0197",233,3,280,1300,4489.255,6069.255,3,1,58,26,86,9
"238","HH0198",233,3,0,1295,720.645,2015.645,NA,1,23,26,86,4
"239","HH0199",233,3,4740,2690,4690.185,12120.185,1,1,49,26,86,8
"240","HH0200",235,3,1715,2720,1436.555,5871.555,NA,1,28,29,88,7
"241","HH0201",235,3,20,50,1257.725,1327.725,0,0,80,29,88,2
"242","HH0202",235,3,195,2320,2983.635,5498.635,NA,1,23,29,88,2
"243","HH0203",235,3,672.5,4100,612.27,5384.77,2,1,40,29,88,1
"244","HH0204",235,3,195,2750,1360.29,4305.29,NA,1,45,29,88,5
"245","HH0205",235,3,255,380,427.06,1062.06,NA,1,22,29,88,2
"246","HH0206",235,3,182.5,420,1033.145,1635.645,NA,1,23,29,88,3
"247","HH0207",235,3,150,320,723.455,1193.455,4,1,45,29,88,9
"248","HH0208",235,3,80,410,721.32,1211.32,NA,1,32,29,88,5
"249","HH0209",235,3,190,890,5422.84,6502.84,4,1,36,29,88,3
"250","HH0210",235,3,1570,2260,1702.755,5532.755,2,1,43,29,88,9
"251","HH0211",235,3,11480,2930,4707.695,19117.695,0,1,49,29,88,9
"252","HH0212",235,3,1955,800,330.695,3085.695,NA,1,27,29,88,5
"253","HH0213",235,3,405,2640,6392.6,9437.6,2,1,43,29,88,10
"254","HH0214",235,3,182.5,2530,982.865,3695.365,NA,1,20,29,88,2
"255","HH0215",235,3,380,2530,3771.44,6681.44,0,1,36,29,88,7
"256","HH0216",235,3,1125,2650,2382.63,6157.63,2,1,41,29,88,8
"257","HH0217",235,3,752.5,2510,4836.16,8098.66,NA,1,38,29,88,10
"258","HH0218",27,2,1120,3495,5365.21,9980.21,NA,1,29,85,145,2
"259","HH0219",27,3,675,4620,2053.725,7348.725,NA,1,35,85,145,2
"260","HH0220",27,2,2152.5,2560,5091.83,9804.33,2,1,30,85,145,9
"261","HH0220",27,3,2255,2670,4414.675,9339.675,NA,1,36,85,145,9
"262","HH0221",27,2,1922.5,3650,10154.04,15726.54,NA,1,47,85,145,7
"263","HH0221",27,3,2325,2200,6908.995,11433.995,3,1,53,85,145,7
"264","HH0222",27,3,442.5,4430,5037.965,9910.465,5,1,63,85,145,3
"265","HH0222",27,2,4127.5,4920,5071.1,14118.6,4,1,57,85,145,3
"266","HH0223",27,3,1845,2590,4898.62,9333.62,NA,1,42,85,145,9
"267","HH0223",27,2,5875,4050,5443.94,15368.94,3,1,36,85,145,9
"268","HH0224",27,2,975,870,1266.07,3111.07,NA,1,46,85,145,2
"269","HH0225",27,2,1810,3465,2164.5,7439.5,2,1,31,85,145,6
"270","HH0225",27,3,675,3170,4804.86,8649.86,NA,1,37,85,145,6
"271","HH0226",27,2,440,3090,3352.34,6882.34,NA,1,28,85,145,2
"272","HH0226",27,3,905,2530,1580.8,5015.8,NA,1,34,85,145,2
"273","HH0227",27,2,20,540,392.965,952.965,2,1,64,85,145,2
"274","HH0228",27,2,3417.5,470,694.1,4581.6,NA,1,24,85,145,2
"275","HH0229",27,2,1095,1770,5764.75,8629.75,4,1,40,85,145,9
"276","HH0230",27,2,4727.5,1150,10285.86,16163.36,3,1,59,85,145,4
"277","HH0230",27,3,4410,4880,4678.3,13968.3,3,1,65,85,145,4
"278","HH0231",27,2,625,980,808.665,2413.665,NA,1,25,85,145,8
"279","HH0232",27,2,1905,780,347.8,3032.8,NA,1,21,85,145,2
"280","HH0233",27,2,382.5,360,616.57,1359.07,NA,1,83,85,145,2
"281","HH0234",27,2,8865,5960,6411.12,21236.12,NA,1,61,85,145,2
"282","HH0234",27,3,8555,5190,5853.265,19598.265,NA,1,67,85,145,2
"283","HH0235",56,3,4250,5390,9418.66,19058.66,2,1,41,93,67,10
"284","HH0235",27,2,930,3180,8492.39,12602.39,2,1,36,85,145,10
"285","HH0236",27,3,4545,3950,9896.31,18391.31,2,1,77,85,145,2
"286","HH0237",27,3,700,2320,466.725,3486.725,NA,1,29,85,145,6
"287","HH0238",27,3,825,2710,4443.32,7978.32,NA,1,35,85,145,2
"288","HH0239",27,3,182.5,2560,434.05,3176.55,NA,1,22,85,145,6
"289","HH0240",27,3,730,320,1737.58,2787.58,NA,1,28,85,145,8
"290","HH0241",27,2,2112.5,3930,8556.14,14598.64,3,1,66,85,145,4
"291","HH0241",27,3,3710,4670,4949.8,13329.8,3,1,72,85,145,4
"292","HH0242",27,2,920,3770,1501.83,6191.83,NA,1,31,85,145,2
"293","HH0243",27,2,730,2620,1134.615,4484.615,NA,1,26,85,145,2
"294","HH0244",27,2,1935,650,452.735,3037.735,NA,1,30,85,145,2
"295","HH0245",27,2,977.5,740,8694.835,10412.335,NA,1,55,85,145,2
"296","HH0246",27,3,457.5,2380,4446.79,7284.29,NA,1,38,85,145,4
"297","HH0247",27,2,2325,2570,1034.85,5929.85,NA,1,33,85,145,2
"298","HH0248",27,2,780,5530,5473.015,11783.015,3,1,41,85,145,5
"299","HH0248",27,3,202.5,2640,4707.83,7550.33,5,1,47,85,145,5
"300","HH0249",27,2,2440,2720,5217.465,10377.465,NA,1,33,85,145,2
"301","HH0250",27,3,110,1220,893.14,2223.14,NA,1,20,85,145,2
"302","HH0251",27,2,1166.25,1912.5,5045.4275,8124.1775,NA,1,35,85,145,2
"303","HH0252",27,2,855,1355,3999.715,6209.715,NA,1,31,85,145,2
"304","HH0253",27,2,1917.5,1615,6937.16,10469.66,NA,1,36,85,145,2
"305","HH0254",27,2,5160,3700,9127.245,17987.245,NA,1,46,85,145,2
"306","HH0255",27,2,4970,1840,5432.995,12242.995,NA,1,30,85,145,2
"307","HH0255",27,3,9905,4880,4447.25,19232.25,NA,1,36,85,145,2
"308","HH0256",27,2,5900,4520,294.57,10714.57,NA,1,27,85,145,2
"309","HH0257",249,3,1650,2580,4218.955,8448.955,NA,1,30,140,80,2
"310","HH0258",249,3,370,2630,4816.555,7816.555,NA,1,43,140,80,8
"311","HH0259",249,3,2122.5,2720,983.705,5826.205,NA,1,70,140,80,2
"312","HH0260",249,3,830,100,545.36,1475.36,NA,1,33,140,80,2
"313","HH0261",249,3,3550,4870,988.379999999999,9408.38,NA,1,41,140,80,2
"314","HH0262",114,2,590,1180,898.725,2668.725,5,1,54,87,58,3
"315","HH0263",114,2,95,510,3598.4,4203.4,7.5,1,53,87,58,6
"316","HH0264",114,2,1035,980,472.235,2487.235,NA,1,27,87,58,5
"317","HH0265",114,2,222.5,150,4291.265,4663.765,NA,1,56,87,58,3
"318","HH0266",29,3,1750,4830,3523.555,10103.555,1,0,69,128,33,7
"319","HH0267",29,2,550,2930,4056.14,7536.14,2,1,31,128,33,6
"320","HH0267",29,3,2290,2920,4378.3,9588.3,NA,1,38,128,33,6
"321","HH0268",29,2,500,2150,4626.465,7276.465,NA,1,53,128,33,2
"322","HH0269",29,3,442.5,3720,3885.38,8047.88,NA,1,28,128,33,5
"323","HH0269",29,2,6652.5,830,896.334999999999,8378.835,2,1,21,128,33,5
"324","HH0270",29,2,1620,2930,5796.755,10346.755,NA,1,46,128,33,2
"325","HH0270",34,3,540,3340,9649.18,13529.18,NA,1,53,121,68,2
"326","HH0271",29,3,797.5,2430,4485.35,7712.85,NA,1,28,128,33,6
"327","HH0272",29,3,3930,2930,4434.705,11294.705,2,1,37,128,33,6
"328","HH0273",29,2,3472.5,870,7102.875,11445.375,NA,1,43,128,33,2
"329","HH0274",29,3,302.5,2620,584.31,3506.81,NA,1,31,128,33,8
"330","HH0275",34,3,3365,2350,7014.41,12729.41,NA,1,25,121,68,2
"331","HH0276",34,2,1742.5,400,719.96,2862.46,NA,1,22,121,68,2
"332","HH0276",34,3,997.5,6540,852.055,8389.555,NA,1,29,121,68,2
"333","HH0277",34,3,40,510,4361.22,4911.22,6,1,50,121,68,8
"334","HH0278",34,3,807.5,2530,4622.955,7960.455,6,1,45,121,68,6
"335","HH0279",34,3,20,590,4565.975,5175.975,NA,1,46,121,68,6
"336","HH0279",34,2,110,410,4833.155,5353.155,NA,1,39,121,68,6
"337","HH0280",34,3,450,2170,1381.35,4001.35,NA,1,28,121,68,7
"338","HH0281",34,2,570,2870,4415.875,7855.875,NA,1,56,121,68,3
"339","HH0282",34,3,1515,2680,3578.285,7773.285,NA,1,44,121,68,3
"340","HH0282",34,2,1550,890,4531.005,6971.005,NA,1,38,121,68,3
"341","HH0283",34,2,5435,3890,5355.32,14680.32,NA,1,39,121,68,10
"342","HH0283",34,3,2285,2770,4256.635,9311.635,33,1,46,121,68,10
"343","HH0284",34,3,80,2880,4229.62,7189.62,4,0,50,121,68,2
"344","HH0285",34,3,0,530,1354.595,1884.595,8,1,20,121,68,4
"345","HH0286",34,3,127.5,320,332.49,779.99,NA,1,20,121,68,2
"346","HH0287",34,3,895,620,627.26,2142.26,8,1,28,121,68,7
"347","HH0288",34,2,1435,3030,5151.38,9616.38,NA,1,38,121,68,10
"348","HH0288",34,3,1015,6680,4665.6,12360.6,3,1,45,121,68,10
"349","HH0289",34,3,765,770,819.81,2354.81,NA,1,29,121,68,6
"350","HH0290",51,2,1987.5,410,3650.155,6047.655,4,1,23,107,346,2
"351","HH0290",NA,3,865,2430,664.115,3959.115,NA,1,30,NA,NA,2
"352","HH0291",NA,3,0,2520,1894.35,4414.35,NA,1,53,NA,NA,6
"353","HH0291",51,2,4032.5,2610,4687.065,11329.565,2,1,47,107,346,6
"354","HH0292",NA,3,832.5,1010,5191.145,7033.645,NA,1,59,NA,NA,2
"355","HH0293",NA,3,1385,2560,3794.285,7739.285,4,1,32,NA,NA,14
"356","HH0294",51,2,2575,2660,5525.235,10760.235,3,1,54,107,346,3
"357","HH0294",NA,3,2600,2530,5457.745,10587.745,3,1,60,NA,NA,3
"358","HH0295",NA,3,510,460,1790.6,2760.6,4,1,23,NA,NA,5
"359","HH0296",NA,3,40,200,4386.65,4626.65,4,1,35,NA,NA,9
"360","HH0296",51,2,1287.5,470,4533.405,6290.905,2,1,28,107,346,9
"361","HH0297",51,2,1302.5,2560,3402.555,7265.055,2,1,30,107,346,8
"362","HH0297",NA,3,655,4460,5640.535,10755.535,1,1,37,NA,NA,8
"363","HH0298",51,2,1760,560,4724.87,7044.87,2,1,35,107,346,6
"364","HH0298",NA,3,750,2820,4700.61,8270.61,4,1,41,NA,NA,6
"365","HH0299",NA,3,520,370,301.55,1191.55,4,1,22,NA,NA,5
"366","HH0300",51,2,432.5,3280,5848.38,9560.88,2,1,39,107,346,7
"367","HH0300",NA,3,1187.5,3590,5457.27,10234.77,2,1,45,NA,NA,7
"368","HH0301",NA,3,20,2640,4322.15,6982.15,NA,1,36,NA,NA,2
"369","HH0302",156,2,0,720,4479.755,5199.755,3,1,42,43,104,8
"370","HH0302",156,3,60,790,4554.71,5404.71,6,1,49,43,104,8
"371","HH0303",156,2,280,430,5281.945,5991.945,1,1,62,43,104,4
"372","HH0304",156,2,280,560,2168.205,3008.205,4.5,1,31,43,104,5
"373","HH0304",156,3,92.5,485,2291.0175,2868.5175,4.5,1,38,43,104,5
"374","HH0305",156,2,202.5,330,1751.645,2284.145,2,1,25,43,104,6
"375","HH0305",156,3,295,945,1672.975,2912.975,NA,1,32,43,104,6
"376","HH0306",156,2,130,570,905.97,1605.97,3,1,19,43,104,2
"377","HH0307",156,3,260,680,789.8975,1729.8975,1.5,1,68,43,104,2
"378","HH0307",156,2,595,870,3625.505,5090.505,6,1,61,43,104,2
"379","HH0308",156,2,3212.5,885,2639.33,6736.83,4.5,1,30,43,104,5
"380","HH0308",156,3,410,785,4853.94,6048.94,3,1,37,43,104,5
"381","HH0309",111,2,0,370,832.52,1202.52,NA,1,36,93,45,5
"382","HH0309",156,3,0,430,2021.805,2451.805,NA,1,42,43,104,5
"383","HH0310",156,2,60,460,5792.845,6312.845,2,1,43,43,104,8
"384","HH0311",156,2,1245,470,8212.19,9927.19,1.5,1,49,43,104,10
"385","HH0311",156,3,301.25,705,5341.585,6347.835,6,1,56,43,104,10
"386","HH0312",156,3,220,270,1148.07,1638.07,1,1,19,43,104,2
"387","HH0313",156,3,385,560,1443.805,2388.805,1,1,33,43,104,7
"388","HH0314",156,3,515,370,3888.02,4773.02,2,1,30,43,104,5
"389","HH0315",156,2,635,520,1437.235,2592.235,2,1,58,43,104,3
"390","HH0316",156,2,1622.5,770,3704.395,6096.895,2,1,63,43,104,2
"391","HH0317",156,3,330,860,1764.19,2954.19,0,1,27,43,104,3
"392","HH0318",156,2,130,910,2136.935,3176.935,4,1,41,43,104,9
"393","HH0319",156,3,550,610,695.91,1855.91,1,1,20,43,104,3
"394","HH0320",156,2,130,780,8361.735,9271.735,2,0,34,43,104,6
"395","HH0321",156,3,165,510,927.01,1602.01,NA,1,30,43,104,3
"396","HH0322",156,3,435,1365,3878.24,5678.24,NA,1,24,43,104,2
"397","HH0323",156,3,40,1155,5539.335,6734.335,3,1,49,43,104,7
"398","HH0324",156,2,20,620,1211.55,1851.55,4.5,1,27,43,104,5
"399","HH0324",156,3,840,380,2461.2725,3681.2725,1.5,1,34,43,104,5
"400","HH0325",156,2,92.5,520,1499.41,2111.91,4.5,1,30,43,104,7
"401","HH0325",156,3,240,630,1576.18,2446.18,1.5,1,37,43,104,7
"402","HH0326",156,3,0,580,2113.065,2693.065,1,1,33,43,104,6
"403","HH0326",156,2,270,620,646,1536,2,1,26,43,104,6
"404","HH0327",124,3,685,690,819.715,2194.715,NA,1,44,35,141,4
"405","HH0327",156,2,712.5,460,2780.38,3952.88,2,1,37,43,104,4
"406","HH0328",156,3,495,640,4500.955,5635.955,0,1,43,43,104,5
"407","HH0329",156,3,990,440,4745.99,6175.99,3,1,23,43,104,5
"408","HH0330",215,3,12010,620,4727.85,17357.85,NA,1,74,20,45,3
"409","HH0331",215,3,28937.5,510,6501.75,35949.25,NA,1,48,20,45,8
"410","HH0332",215,3,635,330,1199.39,2164.39,NA,0,33,20,45,3
"411","HH0333",215,3,55,360,808.6,1223.6,NA,1,29,20,45,5
"412","HH0334",215,3,480,50,4248.845,4778.845,NA,1,71,20,45,2
"413","HH0335",215,3,97117.5,0,4171.675,101289.175,NA,1,40,20,45,4
"414","HH0336",215,3,130,2060,687.565,2877.565,NA,1,34,20,45,6
"415","HH0337",215,3,2282.5,375,611.235,3268.735,NA,1,28,20,45,8
"416","HH0338",40,3,555,2170,4237.24,6962.24,2,1,66,16,277,1
"417","HH0338",40,2,932.5,2730,8506.545,12169.045,2,1,58,16,277,1
"418","HH0339",40,3,1030,490,4956.9,6476.9,2,1,63,16,277,8
"419","HH0339",40,2,1755,2770,6153.86,10678.86,NA,1,56,16,277,8
"420","HH0340",40,2,380,2935,1609.93,4924.93,1,1,28,16,277,6
"421","HH0341",40,3,145,3045,2020.32,5210.32,5,1,50,16,277,8
"422","HH0341",40,2,230,2870,5606.545,8706.545,NA,1,42,16,277,8
"423","HH0342",40,2,1215,610,674.42,2499.42,NA,1,39,16,277,2
"424","HH0343",40,3,570,230,1355.1,2155.1,2,1,38,16,277,5
"425","HH0343",40,2,1720,200,412.36,2332.36,3,1,31,16,277,5
"426","HH0344",40,3,240,1095,4773.7,6108.7,1,1,47,16,277,7
"427","HH0344",40,2,550,2030,2492.205,5072.205,4,1,39,16,277,7
"428","HH0345",40,2,1422.5,2795,7517.073,11734.573,NA,1,56,16,277,10
"429","HH0346",40,3,605,845,1296.57,2746.57,NA,1,33,16,277,3
"430","HH0346",40,2,182.5,60,1092.895,1335.395,2.5,1,26,16,277,3
"431","HH0347",40,2,2165,520,4780.65,7465.65,NA,1,61,16,277,2
"432","HH0348",40,2,420,1110,1479.285,3009.285,2,1,24,16,277,4
"433","HH0348",40,3,400,860,1652.31,2912.31,NA,1,31,16,277,4
"434","HH0349",40,3,342.5,695,2066.35,3103.85,NA,1,34,16,277,5
"435","HH0349",40,2,712.5,995,1951.34,3658.84,NA,1,26,16,277,5
"436","HH0350",40,2,640,320,874.18,1834.18,NA,1,24,16,277,4
"437","HH0351",40,2,92.5,885,1560.015,2537.515,NA,1,21,16,277,2
"438","HH0352",40,2,75,1205,2095.75,3375.75,NA,1,30,16,277,2
"439","HH0353",40,3,790,830,1550.53,3170.53,2,1,49,16,277,6
"440","HH0354",40,2,470,0,867.855,1337.855,NA,1,37,16,277,2
"441","HH0355",40,2,717.5,3195,5649.35,9561.85,4,1,53,16,277,2
"442","HH0356",40,3,545,490,1646.56,2681.56,NA,1,27,16,277,4
"443","HH0357",40,2,200,1355,250.9,1805.9,NA,1,25,16,277,2
"444","HH0358",40,2,837.5,460,1371.62,2669.12,NA,1,25,16,277,4
"445","HH0359",40,2,1130,500,771.4,2401.4,NA,1,46,16,277,2
"446","HH0360",40,3,15825,370,2098.135,18293.135,NA,1,38,16,277,2
"447","HH0360",40,2,657.5,725,1006.33,2388.83,NA,1,31,16,277,2
"448","HH0361",40,3,1205,380,3772.48,5357.48,NA,1,53,16,277,6
"449","HH0361",40,2,2425,2885,3339.18,8649.18,NA,1,45,16,277,6
"450","HH0362",40,2,4355,4760,1954.615,11069.615,4,1,31,16,277,6
"451","HH0362",40,3,975,590,2959.31,4524.31,NA,1,39,16,277,6
"452","HH0363",40,2,415,900,903.735,2218.735,NA,1,19,16,277,2
"453","HH0364",40,3,2320,770,3266.12,6356.12,2,1,41,16,277,5
"454","HH0365",40,2,235,1700,2378.425,4313.425,NA,1,34,16,277,10
"455","HH0365",40,3,237.5,410,660.18,1307.68,2,1,42,16,277,10
"456","HH0366",40,3,10745,1205,6457.645,18407.645,1,1,66,16,277,2
"457","HH0367",40,2,625,2725,4710.32,8060.32,NA,1,27,16,277,4
"458","HH0368",40,2,950,2630,1704.39,5284.39,2,1,32,16,277,5
"459","HH0369",40,3,200,50,463.07,713.07,NA,1,23,16,277,4
"460","HH0370",40,3,1555,740,5691.06,7986.06,2,1,65,16,277,4
"461","HH0371",40,2,6927.5,1145,3104.485,11176.985,1,1,62,16,277,2
"462","HH0371",40,3,535,240,1564.78,2339.78,2,1,70,16,277,2
"463","HH0372",40,2,3097.5,1155,3726.05,7978.55,NA,1,43,16,277,2
"464","HH0373",40,3,1145,2815,7126.1,11086.1,0,1,63,16,277,4
"465","HH0374",40,3,165,760,665.49,1590.49,NA,1,24,16,277,3
"466","HH0375",40,3,83290,940,3541.59,87771.59,2,1,56,16,277,5
"467","HH0375",40,2,12680,1570,4874.93,19124.93,2,1,48,16,277,5
"468","HH0376",40,3,220,50,1235.655,1505.655,NA,1,32,16,277,5
"469","HH0377",40,2,307.5,980,5353.05,6640.55,3,1,75,16,277,2
"470","HH0378",40,2,255,50,829.455,1134.455,NA,1,23,16,277,1
"471","HH0379",40,2,445,2545,979.08,3969.08,NA,1,27,16,277,2
"472","HH0380",40,3,375,800,1611.36,2786.36,NA,1,32,16,277,4
"473","HH0381",40,3,90,945,1711.05,2746.05,0,1,45,16,277,5
"474","HH0381",40,2,2327.5,995,4937.415,8259.915,2,1,38,16,277,5
"475","HH0382",40,2,335,3085,10533.43,13953.43,NA,1,36,16,277,7
"476","HH0382",40,3,627.5,1085,2833.555,4546.055,0,1,43,16,277,7
"477","HH0383",40,2,9080,1415,8181.945,18676.945,NA,1,61,16,277,7
"478","HH0383",40,3,655,795,1650.58,3100.58,2,1,68,16,277,7
"479","HH0384",40,2,360,2510,5847.995,8717.995,5,1,54,16,277,9
"480","HH0384",40,3,842.5,1045,8011.525,9899.025,2,1,61,16,277,9
"481","HH0385",40,2,252.5,2360,676.92,3289.42,NA,1,21,16,277,3
"482","HH0386",40,2,232.5,925,2401.95,3559.45,NA,1,31,16,277,2
"483","HH0387",40,2,0,0,4165.3,4165.3,NA,1,62,16,277,2
"484","HH0388",40,3,535,1230,4245.295,6010.295,NA,1,60,16,277,10
"485","HH0388",40,2,2045,2295,7182.865,11522.865,1,1,53,16,277,10
"486","HH0389",40,3,365,60,460.05,885.05,NA,1,23,16,277,3
"487","HH0390",40,3,1815,0,1912.245,3727.245,NA,1,39,16,277,7
"488","HH0390",40,2,14785,885,2518.66,18188.66,3,1,32,16,277,7
"489","HH0391",40,2,182.5,1325,4675.44,6182.94,NA,1,74,16,277,2
"490","HH0392",40,3,500,1160,5582.95,7242.95,NA,1,34,16,277,7
"491","HH0393",40,2,1712.5,1095,2347.465,5154.965,2,1,30,16,277,7
"492","HH0394",40,3,632.5,490,903.705,2026.205,NA,1,32,16,277,5
"493","HH0395",40,3,165,360,3448.8,3973.8,NA,1,21,16,277,3
"494","HH0396",40,3,422.5,490,1225.59,2138.09,NA,1,37,16,277,6
"495","HH0396",40,2,2030,985,3959.16,6974.16,NA,1,30,16,277,6
"496","HH0397",40,2,2417.5,490,4457.61,7365.11,NA,0,48,16,277,2
"497","HH0398",40,2,402.5,750,1276.98,2429.48,NA,1,22,16,277,1
"498","HH0399",40,3,1042.5,2490,2531.55,6064.05,NA,1,34,16,277,6
"499","HH0400",40,2,610,460,1291.18,2361.18,NA,1,21,16,277,3
"500","HH0401",40,2,492.5,2935,11151.345,14578.845,2,1,40,16,277,11
"501","HH0402",40,2,340,0,2114.07,2454.07,NA,1,28,16,277,2
"502","HH0403",40,3,437.5,735,3649.395,4821.895,NA,1,32,16,277,4
"503","HH0404",122,3,40,720,5916.745,6676.745,3,1,47,28,57,8
"504","HH0405",122,3,645,350,3987.95,4982.95,1,1,34,28,57,4
"505","HH0406",122,3,185,500,1337.37,2022.37,NA,1,23,28,57,3
"506","HH0407",122,3,115,790,4661.735,5566.735,NA,1,35,28,57,9
"507","HH0408",122,3,380,410,671.975,1461.975,NA,1,27,28,57,4
"508","HH0409",122,3,1225,410,4996.66,6631.66,NA,1,60,28,57,8
"509","HH0410",122,3,19510,630,1192.72,21332.72,2,0,41,28,57,4
"510","HH0411",122,3,0,260,415.455,675.455,NA,1,16,28,57,3
"511","HH0412",122,3,0,260,898.415,1158.415,NA,1,23,28,57,3
"512","HH0413",122,3,38305,680,4003.1,42988.1,NA,1,35,28,57,9
"513","HH0414",122,3,400,780,1790,2970,NA,0,28,28,57,6
"514","HH0415",122,3,197.5,710,1179.32,2086.82,NA,1,19,28,57,3
"515","HH0416",122,3,2315,50,473.35,2838.35,NA,1,25,28,57,5
"516","HH0417",122,3,0,50,959.975,1009.975,NA,1,22,28,57,3
"517","HH0418",122,3,125,470,5270.16,5865.16,2,1,45,28,57,7
"518","HH0419",122,3,360,350,240.85,950.85,NA,1,17,28,57,3
"519","HH0420",122,3,162.5,620,764.88,1547.38,NA,1,31,28,57,6
"520","HH0421",122,3,130,470,563.92,1163.92,NA,1,30,28,57,5
"521","HH0422",203,2,0,310,597.475,907.475,NA,1,28,50,78,5
"522","HH0423",203,2,145,320,483.1,948.1,NA,1,28,50,78,4
"523","HH0424",203,2,162.5,780,679.805,1622.305,NA,1,23,50,78,3
"524","HH0425",203,2,345,730,745.215,1820.215,NA,1,32,50,78,7
"525","HH0426",203,2,327.5,930,4511.17,5768.67,NA,1,24,50,78,5
"526","HH0427",203,2,4860,360,2206.585,7426.585,NA,1,23,50,78,9
"527","HH0428",203,2,1232.5,670,4362.755,6265.255,NA,1,53,50,78,3
"528","HH0429",203,2,0,630,1314.607,1944.607,NA,1,45,50,78,5
"529","HH0430",203,2,310,260,2017.955,2587.955,NA,1,44,50,78,6
"530","HH0431",203,2,445,620,4570.055,5635.055,2,1,43,50,78,6
"531","HH0432",203,2,127.5,260,184.685,572.185,NA,1,25,50,78,3
"532","HH0433",203,2,255,740,2393.66,3388.66,NA,1,57,50,78,5
"533","HH0434",120,3,405,570,5496.79,6471.79,NA,1,32,12,87,2
"534","HH0435",120,3,792.5,830,4032.18,5654.68,NA,1,57,12,87,2
"535","HH0436",120,3,702.5,1210,1771.59,3684.09,NA,1,42,12,87,2
"536","HH0437",120,3,1715,940,2342.51,4997.51,NA,1,47,12,87,2
"537","HH0438",120,3,130,110,2850.61,3090.61,NA,1,29,12,87,2
"538","HH0439",120,3,202.5,380,1311.275,1893.775,NA,1,24,12,87,2
"539","HH0440",120,3,465,800,3212.925,4477.925,NA,1,52,12,87,2
"540","HH0441",120,3,1180,965,1398.39,3543.39,NA,1,27,12,87,2
"541","HH0442",120,3,280,590,1605.62,2475.62,NA,1,26,12,87,2
"542","HH0443",120,3,60,390,1607.77,2057.77,NA,0,42,12,87,1
"543","HH0444",120,3,150,1230,11044.06,12424.06,NA,1,70,12,87,2
"544","HH0445",120,3,1370,1100,5650.2,8120.2,NA,1,39,12,87,2
"545","HH0446",120,3,260,910,5468.155,6638.155,NA,1,57,12,87,2
"546","HH0447",120,3,277.5,560,1236.665,2074.165,NA,1,25,12,87,2
"547","HH0448",120,3,635,480,1707.25,2822.25,NA,1,28,12,87,2
"548","HH0449",120,3,330,570,1473.055,2373.055,NA,1,32,12,87,2
"549","HH0450",120,3,1260,530,5379.97,7169.97,NA,1,56,12,87,2
"550","HH0451",120,3,95,620,2987.64,3702.64,NA,1,30,12,87,2
"551","HH0452",51,2,4080,2610,3055.305,9745.305,4,1,43,107,346,8
"552","HH0452",51,3,1720,4980,7601.315,14301.315,3,1,49,107,346,8
"553","HH0453",51,2,515,1300,5096.31,6911.31,NA,1,32,107,346,9
"554","HH0454",51,3,2305,330,2094.145,4729.145,NA,1,32,107,346,4
"555","HH0454",51,2,920,1010,4647.17,6577.17,2,1,26,107,346,4
"556","HH0455",51,3,595,2740,4764.92,8099.92,NA,1,36,107,346,9
"557","HH0456",51,2,1002.5,2260,5124.66,8387.16,2,1,68,107,346,2
"558","HH0457",51,3,437.5,2060,585.78,3083.28,NA,1,31,107,346,5
"559","HH0457",51,2,92.5,570,708.81,1371.31,3,1,26,107,346,5
"560","HH0458",51,2,165,2050,830.665,3045.665,2,1,40,107,346,1
"561","HH0459",51,2,882.5,3090,4401.23,8373.73,3,1,38,107,346,8
"562","HH0459",51,3,7300,2720,4653.315,14673.315,0,1,44,107,346,8
"563","HH0460",51,3,6295,2420,4988.075,13703.075,1,1,41,107,346,8
"564","HH0460",51,2,3737.5,2760,4550.66,11048.16,3,1,35,107,346,8
"565","HH0461",51,2,4865,4720,5431.94,15016.94,2,1,48,107,346,14
"566","HH0461",51,3,1860,3120,6235.64,11215.64,3,1,54,107,346,14
"567","HH0462",51,3,695,5455,4789.475,10939.475,NA,1,27,107,346,2
"568","HH0463",51,2,11845,460,5748.82,18053.82,NA,1,23,107,346,6
"569","HH0463",51,3,482.5,270,7175.41,7927.91,NA,1,29,107,346,6
"570","HH0464",51,2,1870,2780,4412.175,9062.175,6,1,40,107,346,4
"571","HH0465",51,2,782.5,2320,5448.91,8551.41,2,1,36,107,346,8
"572","HH0465",51,3,960,6890,8412.31,16262.31,2,1,42,107,346,8
"573","HH0466",51,2,550,2760,4392.035,7702.035,3,1,38,107,346,6
"574","HH0466",51,3,1545,2730,1494.365,5769.365,4,1,44,107,346,6
"575","HH0467",51,2,785,410,1747.03,2942.03,NA,1,25,107,346,4
"576","HH0468",51,2,10585,4980,5754.22,21319.22,2,1,39,107,346,10
"577","HH0469",51,2,3605,2370,1248.995,7223.995,4,1,23,107,346,4
"578","HH0470",51,2,1557.5,3045,4284.43,8886.93,3,1,36,107,346,9
"579","HH0470",51,3,1085,660,4442.68,6187.68,3,1,42,107,346,9
"580","HH0471",51,2,1072.5,2410,4504.07,7986.57,3,1,35,107,346,6
"581","HH0472",51,2,1875,2460,4685.955,9020.955,3,1,35,107,346,7
"582","HH0473",51,2,2945,2570,3057.745,8572.745,2,0,61,107,346,8
"583","HH0474",51,3,447.5,210,4313.665,4971.165,4,1,50,107,346,3
"584","HH0474",51,2,165,2420,4227.88,6812.88,2,1,44,107,346,3
"585","HH0475",51,3,3432.5,4710,473.92,8616.42,NA,1,35,107,346,5
"586","HH0475",51,2,527.5,620,1047.58,2195.08,NA,1,29,107,346,5
"587","HH0476",51,2,130,460,465.1,1055.1,NA,1,28,107,346,2
"588","HH0477",51,2,415,560,1034.29,2009.29,NA,1,36,107,346,6
"589","HH0478",51,3,5330,570,5557.445,11457.445,5,1,63,107,346,8
"590","HH0479",51,3,367.5,560,390.6,1318.1,NA,1,25,107,346,3
"591","HH0480",51,2,1147.5,820,2278.275,4245.775,2,0,61,107,346,3
"592","HH0481",51,2,257.5,4760,5265.615,10283.115,2,0,66,107,346,7
"593","HH0482",51,3,120,2200,1364.22,3684.22,2,1,62,107,346,9
"594","HH0482",51,2,135,3070,4627.545,7832.545,2,1,55,107,346,9
"595","HH0483",51,3,675,475,5164.345,6314.345,NA,1,59,107,346,2
"596","HH0484",51,3,1642.5,730,4804.725,7177.225,2,1,41,107,346,7
"597","HH0484",51,2,2437.5,1145,2556.125,6138.625,1,1,35,107,346,7
"598","HH0485",51,2,185,410,1516.325,2111.325,2,1,81,107,346,1
"599","HH0486",51,2,2095,2720,1865.39,6680.39,2,1,64,107,346,5
"600","HH0487",51,2,1370,2460,1065.095,4895.095,2,1,41,107,346,9
"601","HH0487",51,3,222.5,270,1973.495,2465.995,NA,1,47,107,346,9
"602","HH0488",51,2,620,935,2466.54,4021.54,NA,1,33,107,346,5
"603","HH0489",51,3,3955,900,3983.965,8838.965,NA,1,43,107,346,2
"604","HH0490",51,2,517.5,2610,5113.105,8240.605,NA,1,32,107,346,3
"605","HH0491",51,3,6572.5,7360,7106.585,21039.085,2,1,52,107,346,8
"606","HH0491",51,2,2270,2460,4656.015,9386.015,7,1,46,107,346,8
"607","HH0492",51,3,220,260,278.235,758.235,NA,1,27,107,346,5
"608","HH0493",51,2,790,2700,3730.89,7220.89,3,1,35,107,346,8
"609","HH0494",51,2,725,2560,930.055,4215.055,2,1,36,107,346,6
"610","HH0495",51,2,2445,870,2012.44,5327.44,3,1,28,107,346,7
"611","HH0496",51,2,3845,2830,5535.515,12210.515,2,1,39,107,346,2
"612","HH0497",51,2,3350,2755,603.15,6708.15,2,1,34,107,346,5
"613","HH0498",51,2,127.5,4460,4658.43,9245.93,4,1,44,107,346,11
"614","HH0498",51,3,750,2760,4837.13,8347.13,1,1,50,107,346,11
"615","HH0499",51,3,0,2430,1417.79,3847.79,4,1,31,107,346,8
"616","HH0500",51,2,797.5,4730,7045.295,12572.795,2,1,46,107,346,4
"617","HH0501",51,3,1795,5200,4970.815,11965.815,1,1,40,107,346,8
"618","HH0501",51,2,2407.5,2770,3732.55,8910.05,5,1,34,107,346,8
"619","HH0502",51,2,1162.5,2580,4938.915,8681.415,NA,1,34,107,346,8
"620","HH0503",51,2,1305,410,1255.455,2970.455,NA,1,31,107,346,6
"621","HH0504",51,2,305,2410,4608.91,7323.91,1,0,53,107,346,5
"622","HH0505",51,3,185,2520,1529.005,4234.005,3,1,48,107,346,7
"623","HH0505",51,2,165,4370,601.785,5136.785,NA,1,42,107,346,7
"624","HH0506",51,2,16002.5,370,4866.005,21238.505,2,1,73,107,346,2
"625","HH0507",51,2,1060,580,1148.38,2788.38,NA,1,24,107,346,4
"626","HH0508",51,2,1350,2720,3679.065,7749.065,5,1,37,107,346,8
"627","HH0509",51,2,402.5,2580,5598.48,8580.98,3,1,38,107,346,8
"628","HH0509",51,3,0,430,424.465,854.465,NA,1,44,107,346,8
"629","HH0510",51,3,1505,4985,10171.79,16661.79,NA,1,62,107,346,2
"630","HH0511",51,2,1255,460,4506.765,6221.765,2,1,40,107,346,10
"631","HH0511",51,3,2075,870,4220.43,7165.43,3,1,46,107,346,10
"632","HH0512",51,2,260,2520,5405.86,8185.86,4,1,35,107,346,7
"633","HH0513",51,3,2952.5,5180,10616.06,18748.56,NA,1,50,107,346,2
"634","HH0514",51,2,1895,3245,5680.72,10820.72,5,1,46,107,346,6
"635","HH0515",51,2,840,2570,8105.56,11515.56,5,1,55,107,346,4
"636","HH0516",51,2,1242.5,2970,7131.55,11344.05,2,1,64,107,346,8
"637","HH0517",51,2,260,2870,5639.05,8769.05,4,1,47,107,346,6
"638","HH0518",202,2,260,2620,724.645,3604.645,NA,1,40,30,56,2
"639","HH0519",202,2,225,560,426.925,1211.925,2,1,31,30,56,6
"640","HH0520",202,2,335,350,589.25,1274.25,3,1,24,30,56,5
"641","HH0520",121,3,0,620,1403.1,2023.1,NA,1,31,21,88,5
"642","HH0521",202,2,295,4225,1913.16,6433.16,6,1,44,30,56,11
"643","HH0522",202,2,20,1000,405.74,1425.74,NA,1,31,30,56,4
"644","HH0523",202,2,55,2680,959.495,3694.495,NA,1,24,30,56,2
"645","HH0524",202,2,0,150,265.705,415.705,NA,0,58,30,56,2
"646","HH0525",202,2,17.5,350,262.095,629.595,NA,1,18,30,56,2
"647","HH0526",202,2,20,2720,1127.83,3867.83,4,1,52,30,56,11
"648","HH0527",202,2,325,2770,1087.985,4182.985,NA,1,26,30,56,2
"649","HH0528",202,2,637.5,620,772.4,2029.9,NA,1,24,30,56,2
"650","HH0529",202,2,72.5,620,515.615,1208.115,2,1,21,30,56,4
"651","HH0530",202,2,167.5,470,476.105,1113.605,4,1,26,30,56,6
"652","HH0531",202,2,130,1405,560.3,2095.3,NA,1,20,30,56,2
"653","HH0532",116,2,275,840,1511.185,2626.185,NA,1,29,61,65,9
"654","HH0533",116,2,495,930,3583.525,5008.525,NA,1,47,61,65,5
"655","HH0534",116,2,405,790,419.77,1614.77,NA,1,25,61,65,3
"656","HH0535",116,2,830,1110,4985.565,6925.565,NA,1,49,61,65,11
"657","HH0536",116,2,237.5,1080,4613.32,5930.82,NA,1,37,61,65,11
"658","HH0537",116,2,1291,802,3647.06,5740.06,NA,1,26,61,65,4
"659","HH0538",116,2,522.5,620,2062.755,3205.255,NA,1,47,61,65,11
"660","HH0539",56,2,405,1040,4090.17,5535.17,2,1,36,93,67,8
"661","HH0539",56,3,2047.5,2790,3644.18,8481.68,2,1,42,93,67,8
"662","HH0540",56,3,12175,2370,4392.515,18937.515,NA,1,37,93,67,7
"663","HH0540",56,2,1440,1095,2461.81,4996.81,2,1,31,93,67,7
"664","HH0541",56,2,1487.5,830,1307.66,3625.16,2,0,78,93,67,1
"665","HH0541",56,3,240,900,1095.355,2235.355,1,0,84,93,67,1
"666","HH0542",56,3,1410,5130,7617.035,14157.035,4,1,52,93,67,5
"667","HH0542",56,2,1150,9440,4952.395,15542.395,2,1,46,93,67,5
"668","HH0543",56,2,75,830,4004.49,4909.49,NA,1,44,93,67,2
"669","HH0544",56,2,2445,470,1139.55,4054.55,NA,1,23,93,67,2
"670","HH0545",56,2,3110,770,4598.425,8478.425,NA,1,41,93,67,2
"671","HH0546",56,3,255,830,558.6,1643.6,NA,1,31,93,67,8
"672","HH0547",56,3,8637.5,4790,10363.225,23790.725,2,1,62,93,67,4
"673","HH0548",56,2,2072.5,3330,6178.505,11581.005,NA,1,39,93,67,2
"674","HH0549",56,3,310,2490,4640.08,7440.08,1,1,49,93,67,3
"675","HH0549",56,2,4335,2920,5489.915,12744.915,2,1,43,93,67,3
"676","HH0550",56,2,577.5,3080,2437.66,6095.16,NA,1,34,93,67,2
"677","HH0551",56,3,0,2530,4298.49,6828.49,4,1,66,93,67,2
"678","HH0552",56,3,3685,560,583.02,4828.02,NA,1,25,93,67,4
"679","HH0553",232,3,405,4680,4584.745,9669.745,NA,1,47,27,45,2
"680","HH0554",232,3,772.5,2800,5119.915,8692.415,NA,1,33,27,45,4
"681","HH0555",232,3,130,480,4658.29,5268.29,NA,1,37,27,45,2
"682","HH0556",232,3,1315,4790,6627.25,12732.25,NA,1,59,27,45,2
"683","HH0557",232,3,442.5,410,4474.74,5327.24,NA,1,30,27,45,2
"684","HH0558",232,3,38392.5,1500,8686.62,48579.12,NA,1,27,27,45,2
"685","HH0559",232,3,655,800,3882.51,5337.51,NA,1,54,27,45,10
"686","HH0559",73,2,980,3440,7368.215,11788.215,3,1,47,25,228,10
"687","HH0560",232,3,737.5,740,1566.47,3043.97,NA,1,31,27,45,2
"688","HH0561",232,3,1220,2580,1959.33,5759.33,NA,1,63,27,45,2
"689","HH0562",232,3,2000,5040,8808.6,15848.6,3,1,37,27,45,7
"690","HH0563",155,2,720,310,1279.005,2309.005,NA,1,43,68,62,9
"691","HH0564",155,2,217.5,560,490.095,1267.595,NA,0,45,68,62,2
"692","HH0565",155,2,0,760,4581.47,5341.47,NA,1,65,68,62,1
"693","HH0566",155,2,0,400,1397.82,1797.82,NA,1,36,68,62,1
"694","HH0567",155,2,980,1530,9165.575,11675.575,NA,1,41,68,62,5
"695","HH0568",155,2,460,660,4565.585,5685.585,NA,1,40,68,62,4
"696","HH0569",155,2,110,720,1257.665,2087.665,NA,1,42,68,62,8
"697","HH0570",155,2,1810,850,3305.65,5965.65,NA,1,47,68,62,8
"698","HH0571",155,2,675,1350,2827.265,4852.265,2,1,41,68,62,11
"699","HH0572",155,2,622.5,810,1892.745,3325.245,2,1,43,68,62,7
"700","HH0573",155,2,75,780,1954.34,2809.34,NA,0,69,68,62,1
"701","HH0574",NA,3,135,5040,4964.05,10139.05,NA,1,31,NA,NA,4
"702","HH0575",121,3,2760,540,5008.83,8308.83,NA,1,34,21,88,2
"703","HH0576",121,3,647.5,580,2304.91,3532.41,NA,1,57,21,88,2
"704","HH0577",121,3,555,210,386.375,1151.375,NA,1,20,21,88,2
"705","HH0578",121,3,960,790,2810.34,4560.34,NA,1,30,21,88,4
"706","HH0579",121,3,695,1265,6830.93,8790.93,2,1,58,21,88,5
"707","HH0580",121,3,1270,490,6570.845,8330.845,NA,1,44,21,88,2
"708","HH0581",121,3,1485,830,5266.66,7581.66,NA,1,34,21,88,2
"709","HH0582",121,3,1002.5,500,810.15,2312.65,NA,1,25,21,88,2
"710","HH0583",121,3,450,800,2739.935,3989.935,NA,1,39,21,88,2
"711","HH0584",121,3,272.5,480,2422.635,3175.135,NA,1,24,21,88,2
"712","HH0585",121,3,425,840,5991.07,7256.07,NA,1,32,21,88,2
"713","HH0586",121,3,567.5,700,789.095,2056.595,NA,1,26,21,88,2
"714","HH0587",121,3,1660,580,2402.31,4642.31,NA,1,43,21,88,2
"715","HH0588",121,3,10095,600,4640.46,15335.46,NA,1,39,21,88,2
"716","HH0589",121,3,110,680,3622.13,4412.13,NA,1,53,21,88,2
"717","HH0590",121,3,0,470,5143.04,5613.04,NA,1,33,21,88,3
"718","HH0591",121,3,162.5,170,1029.79,1362.29,NA,1,23,21,88,2
"719","HH0592",121,3,565,690,5612.09,6867.09,NA,1,63,21,88,2
"720","HH0593",121,3,110,480,1488.925,2078.925,NA,1,68,21,88,2
"721","HH0594",121,3,1655,790,6009.205,8454.205,NA,1,43,21,88,2
"722","HH0595",121,3,1787.5,1000,9126.43,11913.93,NA,1,46,21,88,2
"723","HH0596",121,3,195,750,724.65,1669.65,NA,1,26,21,88,2
"724","HH0597",NA,3,9690,4660,4073.2,18423.2,NA,1,41,NA,NA,2
"725","HH0598",NA,3,9887.5,420,4665.63,14973.13,5,1,44,NA,NA,8
"726","HH0599",211,3,190,200,527.12,917.12,NA,1,29,8,67,5
"727","HH0600",211,3,340,1970,3282.245,5592.245,3,1,56,8,67,4
"728","HH0601",211,3,670,805,1050.72,2525.72,3,1,60,8,67,6
"729","HH0602",211,3,275,390,1322.265,1987.265,NA,1,29,8,67,4
"730","HH0603",211,3,170,420,1153.475,1743.475,3,0,63,8,67,4
"731","HH0604",211,3,2862.5,375,4755.08,7992.58,3,1,40,8,67,5
"732","HH0605",211,3,437.5,430,1165.74,2033.24,3,1,49,8,67,10
"733","HH0606",209,3,8185,2640,4700.1,15525.1,3,1,51,5,103,6
"734","HH0607",209,3,530,560,704.85,1794.85,NA,0,34,5,103,3
"735","HH0608",209,3,475,2670,3154.055,6299.055,4,1,53,5,103,3
"736","HH0609",209,3,1125,960,1611.84,3696.84,2,1,39,5,103,7
"737","HH0610",209,3,370,2195,5917.54,8482.54,2,1,68,5,103,5
"738","HH0611",209,3,75,590,552.625,1217.625,NA,1,27,5,103,5
"739","HH0612",209,3,220,1455,792.77,2467.77,NA,1,20,5,103,2
"740","HH0613",209,3,165,620,3167.94,3952.94,0,0,60,5,103,4
"741","HH0614",209,3,390,3160,2406.675,5956.675,2,1,40,5,103,8
"742","HH0615",209,3,365,350,888.125,1603.125,NA,1,22,5,103,4
"743","HH0616",209,3,335,720,845.43,1900.43,NA,1,35,5,103,11
"744","HH0617",209,3,13650,3200,7987.25,24837.25,3,1,59,5,103,8
"745","HH0618",209,3,435,740,4721.265,5896.265,2,1,58,5,103,6
"746","HH0619",209,3,565,390,1682.245,2637.245,2,1,44,5,103,3
"747","HH0620",209,3,385,970,657.265,2012.265,NA,1,30,5,103,4
"748","HH0621",209,3,765,440,2305.245,3510.245,NA,1,33,5,103,5
"749","HH0622",209,3,570,3200,5705.6,9475.6,0,0,36,5,103,3
"750","HH0623",209,3,1560,885,809.965,3254.965,NA,1,28,5,103,6
"751","HH0624",201,2,0,460,1465.6,1925.6,NA,1,24,37,53,2
"752","HH0625",201,2,3205,870,5505.18,9580.18,NA,1,37,37,53,2
"753","HH0626",201,2,182.5,2940,3375.76,6498.26,3,1,38,37,53,6
"754","HH0627",201,2,125,770,1010.205,1905.205,NA,1,18,37,53,2
"755","HH0628",201,2,40,410,1308.4,1758.4,NA,1,28,37,53,2
"756","HH0629",201,2,0,500,485.945,985.945,3,1,19,37,53,3
"757","HH0630",201,2,480,4620,3908.545,9008.545,NA,1,35,37,53,2
"758","HH0631",201,2,57.5,680,2336.005,3073.505,5,1,44,37,53,8
"759","HH0632",201,2,57.5,360,2962.305,3379.805,NA,1,33,37,53,2
"760","HH0633",201,2,665,210,2137.675,3012.675,NA,1,28,37,53,2
"761","HH0634",201,2,35,210,480.12,725.12,NA,1,22,37,53,5
"762","HH0635",201,2,127.5,6780,5337.24,12244.74,NA,0,57,37,53,2
"763","HH0636",201,2,95,4440,4492.24,9027.24,NA,1,37,37,53,2
"764","HH0637",201,2,470,2790,4607.305,7867.305,NA,1,56,37,53,2
"765","HH0638",201,2,310,2420,3160.52,5890.52,NA,1,41,37,53,2
"766","HH0639",201,2,785,620,4531.54,5936.54,NA,1,23,37,53,2
"767","HH0640",1,2,240,1170,850.63,2260.63,NA,1,26,14,188,5
"768","HH0640",1,3,705,3490,2244.16,6439.16,NA,1,32,14,188,5
"769","HH0641",1,2,1327.5,0,1008.38,2335.88,NA,1,25,14,188,5
"770","HH0641",1,3,1305,380,962.425,2647.425,NA,1,31,14,188,5
"771","HH0642",1,2,1405,560,1086.13,3051.13,NA,1,30,14,188,8
"772","HH0642",1,3,1142.5,530,1131.755,2804.255,NA,1,36,14,188,8
"773","HH0643",1,2,255,600,1569.925,2424.925,NA,1,22,14,188,4
"774","HH0644",1,2,475,1230,4745.86,6450.86,4,1,52,14,188,7
"775","HH0645",1,3,1845,50,5407.12,7302.12,2,1,55,14,188,6
"776","HH0645",1,2,2040,2050,1893.785,5983.785,NA,1,49,14,188,6
"777","HH0646",1,2,757.5,2750,4014.615,7522.115,NA,1,70,14,188,8
"778","HH0647",1,2,457.5,0,3536.06,3993.56,NA,1,39,14,188,5
"779","HH0647",1,3,802.5,120,3012.6,3935.1,2,1,45,14,188,5
"780","HH0648",1,2,2045,1125,2644.52,5814.52,NA,1,24,14,188,4
"781","HH0648",1,3,802.5,440,1550.11,2792.61,NA,1,30,14,188,4
"782","HH0649",1,3,1647.5,2320,2190.83,6158.33,2,1,39,14,188,3
"783","HH0650",1,2,55,330,337.83,722.83,NA,1,23,14,188,4
"784","HH0651",1,2,1490,585,2334.095,4409.095,NA,1,30,14,188,4
"785","HH0652",1,2,0,0,474.765,474.765,NA,1,31,14,188,1
"786","HH0653",1,2,910,2260,3481.97,6651.97,2,1,59,14,188,2
"787","HH0654",1,2,3117.5,1040,3933.845,8091.345,3,1,56,14,188,8
"788","HH0655",1,3,900,2730,4831.205,8461.205,1,1,39,14,188,6
"789","HH0656",1,2,430,620,787.4,1837.4,NA,1,35,14,188,5
"790","HH0656",1,3,1097.5,2620,672.5,4390,NA,1,41,14,188,5
"791","HH0657",1,3,990,4560,3819.185,9369.185,NA,1,33,14,188,6
"792","HH0658",1,3,1350,6050,2158.12,9558.12,3,1,51,14,188,7
"793","HH0659",1,3,657.5,610,655.22,1922.72,NA,1,24,14,188,4
"794","HH0660",1,3,165,260,275.175,700.175,NA,1,23,14,188,3
"795","HH0661",1,2,165,320,821.26,1306.26,NA,1,25,14,188,6
"796","HH0661",1,3,225,785,1308.63,2318.63,NA,1,31,14,188,6
"797","HH0662",1,3,1545,2410,2353.05,6308.05,2,1,46,14,188,4
"798","HH0662",1,2,4715,2635,2736.425,10086.425,NA,1,40,14,188,4
"799","HH0663",1,2,2065,0,1054.925,3119.925,NA,1,23,14,188,4
"800","HH0664",1,2,965,1200,2258.045,4423.045,2,0,47,14,188,5
"801","HH0664",1,3,1570,2430,5103.675,9103.675,1,0,53,14,188,5
"802","HH0665",1,2,617.5,450,2806.99,3874.49,NA,1,43,14,188,11
"803","HH0666",1,3,550,610,742,1902,NA,1,27,14,188,5
"804","HH0667",1,3,2380,410,4926.52,7716.52,2,1,65,14,188,2
"805","HH0668",1,3,570,2430,5819.39,8819.39,4,1,49,14,188,7
"806","HH0669",1,3,255,270,402.3,927.3,NA,0,25,14,188,3
"807","HH0670",1,2,635,995,5729.695,7359.695,1,1,61,14,188,2
"808","HH0670",1,3,515,2480,4650.02,7645.02,2,1,67,14,188,2
"809","HH0671",1,3,185,0,560.6,745.6,NA,0,23,14,188,4
"810","HH0672",1,2,442.5,640,1834.93,2917.43,2,1,67,14,188,2
"811","HH0673",1,2,240,880,3537.995,4657.995,3,1,41,14,188,3
"812","HH0674",1,3,567.5,430,400.205,1397.705,0,0,69,14,188,2
"813","HH0675",1,2,840,5230,4962.33,11032.33,NA,1,57,14,188,4
"814","HH0676",1,3,690,4430,4954.935,10074.935,1,1,45,14,188,4
"815","HH0677",1,3,512.5,2000,422.925,2935.425,0,0,80,14,188,1
"816","HH0678",1,3,365,0,842.865,1207.865,NA,1,25,14,188,4
"817","HH0679",1,3,1257.5,2610,4243.31,8110.81,2,1,40,14,188,4
"818","HH0680",1,2,0,440,1345.895,1785.895,2,1,61,14,188,4
"819","HH0681",1,3,382.5,350,468.32,1200.82,NA,1,21,14,188,3
"820","HH0682",1,2,80,920,1991.8,2991.8,NA,1,32,14,188,7
"821","HH0683",1,3,395,410,2041.135,2846.135,3,1,42,14,188,8
"822","HH0684",1,3,842.5,2710,2049.955,5602.455,0,1,45,14,188,7
"823","HH0685",1,3,3250,560,1882.225,5692.225,4,1,45,14,188,5
"824","HH0686",230,3,272.5,0,1057.945,1330.445,NA,1,35,16,44,2
"825","HH0687",230,3,460,855,1239.49,2554.49,NA,1,82,16,44,2
"826","HH0688",230,3,545,2380,5778.6,8703.6,NA,1,53,16,44,2
"827","HH0689",230,3,292.5,820,1460.895,2573.395,NA,1,26,16,44,2
"828","HH0690",230,3,350,420,1074.535,1844.535,NA,1,49,16,44,2
"829","HH0691",230,3,2077.5,2690,2321.13,7088.63,NA,1,63,16,44,2
"830","HH0692",230,3,390,2770,4901.95,8061.95,NA,1,28,16,44,2
"831","HH0693",NA,3,0,410,303.425,713.425,NA,1,29,NA,NA,7
"832","HH0694",73,2,370,735,1353.745,2458.745,NA,1,44,25,228,7
"833","HH0695",73,2,540,2320,1765.9,4625.9,1,1,22,25,228,4
"834","HH0696",73,2,295,460,1460.385,2215.385,NA,1,37,25,228,6
"835","HH0697",73,2,1640,2830,4747.955,9217.955,1.5,1,46,25,228,5
"836","HH0698",73,2,0,470,3839.36,4309.36,1.5,1,41,25,228,4
"837","HH0699",73,2,35,700,430.88,1165.88,NA,1,29,25,228,5
"838","HH0700",73,2,362.5,320,1433.36,2115.86,NA,1,40,25,228,6
"839","HH0701",73,2,937.5,560,5339.31,6836.81,2,1,59,25,228,10
"840","HH0702",73,2,257.5,570,603.04,1430.54,NA,1,30,25,228,3
"841","HH0703",73,2,712.5,2930,2414.085,6056.585,3,1,35,25,228,9
"842","HH0704",73,2,2175,1620,6136.34,9931.34,NA,1,40,25,228,5
"843","HH0705",73,2,2185,0,499.985,2684.985,NA,1,28,25,228,3
"844","HH0706",73,2,345,880,2011.71,3236.71,2,1,33,25,228,5
"845","HH0707",73,2,6505,50,717.86,7272.86,NA,1,29,25,228,2
"846","HH0708",73,2,127.5,260,1157.38,1544.88,NA,1,25,25,228,5
"847","HH0709",73,2,20235,785,8793.065,29813.065,NA,0,64,25,228,3
"848","HH0710",73,2,72.5,2980,4559.935,7612.435,NA,1,39,25,228,4
"849","HH0711",73,2,16165,1020,11820.27,29005.27,3,1,62,25,228,4
"850","HH0712",73,2,630,3055,11596.16,15281.16,1,1,36,25,228,12
"851","HH0713",73,2,9940,635,8183.865,18758.865,NA,1,59,25,228,9
"852","HH0714",73,2,457.5,3015,8350.225,11822.725,1.5,1,41,25,228,9
"853","HH0715",73,2,272.5,670,3764.655,4707.155,NA,1,29,25,228,5
"854","HH0716",73,2,20,100,4525.32,4645.32,NA,1,39,25,228,4
"855","HH0717",73,2,875,720,3956.13,5551.13,NA,1,56,25,228,5
"856","HH0718",73,2,0,150,3787.65,3937.65,NA,1,84,25,228,1
"857","HH0719",73,2,255,560,4775.355,5590.355,NA,1,27,25,228,6
"858","HH0720",73,2,3057.5,1370,4780.58,9208.08,3,1,46,25,228,11
"859","HH0721",73,2,540,1070,5567.16,7177.16,NA,1,39,25,228,9
"860","HH0722",73,2,2700,3075,2242.835,8017.835,1,1,31,25,228,5
"861","HH0723",73,2,110,410,1871.97,2391.97,NA,1,27,25,228,6
"862","HH0724",73,2,1107.5,375,828.7,2311.2,NA,1,29,25,228,4
"863","HH0725",73,2,175,0,1735.12,1910.12,2,1,21,25,228,3
"864","HH0726",73,2,200,0,1814.035,2014.035,1,1,35,25,228,9
"865","HH0727",73,2,900,1615,4234.49,6749.49,3,1,43,25,228,11
"866","HH0728",73,2,312.5,620,1276.85,2209.35,2,1,30,25,228,4
"867","HH0729",73,2,780,0,786.675,1566.675,NA,1,16,25,228,1
"868","HH0730",73,2,555,570,5661.91,6786.91,2,1,43,25,228,7
"869","HH0731",73,2,520,160,6307.955,6987.955,2,1,48,25,228,12
"870","HH0732",73,2,1790,50,5023.88,6863.88,3,1,43,25,228,6
"871","HH0733",73,2,165,0,744.025,909.025,3,1,33,25,228,6
"872","HH0734",73,2,1100,610,2060.25,3770.25,NA,1,49,25,228,6
"873","HH0735",73,2,0,100,722.6,822.6,1,1,21,25,228,3
"874","HH0736",214,3,1275,830,1476.865,3581.865,3,1,45,19,58,7
"875","HH0737",214,3,217.5,2790,1941.03,4948.53,NA,1,21,19,58,3
"876","HH0738",214,3,130,480,665.52,1275.52,NA,1,29,19,58,4
"877","HH0739",214,3,315,380,2277.04,2972.04,2,1,53,19,58,2
"878","HH0740",214,3,107.5,0,729.97,837.47,NA,1,25,19,58,4
"879","HH0741",81,2,145,970,1365.07,2480.07,NA,1,34,29,272,4
"880","HH0741",214,3,2385,2860,1402.64,6647.64,2,1,41,19,58,4
"881","HH0742",214,3,185,680,1676.865,2541.865,NA,1,27,19,58,3
"882","HH0743",214,3,110,320,767.63,1197.63,1,1,40,19,58,6
"883","HH0744",214,3,165,570,6083.715,6818.715,1,0,61,19,58,5
"884","HH0745",214,3,4630,590,757.395,5977.395,1,1,57,19,58,6
"885","HH0746",214,3,60,580,1861.32,2501.32,NA,1,32,19,58,4
"886","HH0747",214,3,677.5,380,4191.775,5249.275,4,1,62,19,58,5
"887","HH0748",214,3,742.5,1110,1785.925,3638.425,NA,1,26,19,58,4
"888","HH0749",214,3,915,4590,1035.68,6540.68,2,1,51,19,58,6
"889","HH0750",214,3,655,470,4883.33,6008.33,2,1,65,19,58,5
"890","HH0751",231,3,8320,2630,2255.42,13205.42,NA,1,70,18,65,2
"891","HH0752",231,3,1890,150,1655.315,3695.315,NA,1,53,18,65,2
"892","HH0753",231,3,192.5,570,2306.53,3069.03,NA,1,38,18,65,2
"893","HH0754",231,3,1223,2000,1602.75,4825.75,NA,1,30,18,65,2
"894","HH0755",231,3,490,0,378.725,868.725,NA,1,18,18,65,2
"895","HH0756",231,3,3350,2520,2706.255,8576.255,NA,1,55,18,65,2
"896","HH0757",231,3,1702.5,2945,1882.89,6530.39,NA,1,64,18,65,2
"897","HH0758",231,3,422.5,4745,2354.53,7522.03,NA,1,48,18,65,2
"898","HH0759",231,3,2870,620,7736.205,11226.205,NA,1,43,18,65,2
"899","HH0760",231,3,1582.5,200,1492.765,3275.265,NA,1,53,18,65,2
"900","HH0761",81,2,90,410,1033.1,1533.1,NA,1,22,29,272,3
"901","HH0761",81,3,40,490,539.83,1069.83,NA,1,28,29,272,3
"902","HH0762",81,2,1730,570,4681.67,6981.67,2,1,44,29,272,11
"903","HH0762",81,3,4125,450,2491.55,7066.55,1,1,50,29,272,11
"904","HH0763",81,2,17.5,360,6166.675,6544.175,NA,1,20,29,272,2
"905","HH0764",81,2,147.5,510,2116.47,2773.97,1.5,1,31,29,272,4
"906","HH0764",81,3,680,540,5437.495,6657.495,NA,1,38,29,272,4
"907","HH0765",81,3,382.5,300,670.09,1352.59,NA,1,27,29,272,2
"908","HH0766",81,2,15657.5,4720,8987.735,29365.235,1,1,58,29,272,4
"909","HH0766",81,3,695,890,5965.6,7550.6,1,1,64,29,272,4
"910","HH0767",81,2,3927.5,1190,7693.505,12811.005,3,1,48,29,272,8
"911","HH0768",81,3,390,1705,5310.14,7405.14,1,1,50,29,272,9
"912","HH0768",81,2,1202.5,880,5170.08,7252.58,NA,1,43,29,272,9
"913","HH0769",81,3,405,770,5064.35,6239.35,0,1,51,29,272,7
"914","HH0769",81,2,217.5,510,3870.94,4598.44,NA,1,44,29,272,7
"915","HH0770",81,3,542.5,620,3936.81,5099.31,0,1,36,29,272,6
"916","HH0770",81,2,4545,480,4369.64,9394.64,5,1,30,29,272,6
"917","HH0771",81,2,220,270,1301.61,1791.61,0,1,21,29,272,3
"918","HH0772",81,3,420,480,5096.08,5996.08,4,1,49,29,272,8
"919","HH0772",81,2,1860,630,1972.8,4462.8,2,1,42,29,272,8
"920","HH0773",81,2,232.5,1095,9232.025,10559.525,6,1,55,29,272,8
"921","HH0773",81,3,915,790,5241.745,6946.745,2,1,62,29,272,8
"922","HH0774",81,3,11685,300,1594.215,13579.215,1,1,39,29,272,7
"923","HH0774",81,2,21065,410,5642.91,27117.91,4,1,33,29,272,7
"924","HH0775",81,2,195,530,5455.08,6180.08,1,1,31,29,272,4
"925","HH0775",81,3,555,480,5132.1,6167.1,NA,1,37,29,272,4
"926","HH0776",81,2,680,410,2855.74,3945.74,3,1,23,29,272,5
"927","HH0776",81,3,445,230,4090.935,4765.935,NA,1,30,29,272,5
"928","HH0777",81,3,855,370,5174.375,6399.375,1,1,49,29,272,3
"929","HH0777",81,2,0,0,2343.165,2343.165,1,1,42,29,272,3
"930","HH0778",81,3,567.5,110,1797.25,2474.75,NA,1,32,29,272,3
"931","HH0778",81,2,912.5,870,4996.96,6779.46,NA,1,25,29,272,3
"932","HH0779",81,2,20,2560,8363.33,10943.33,4,1,47,29,272,7
"933","HH0779",81,3,130,490,5327.83,5947.83,2,1,54,29,272,7
"934","HH0780",81,2,2827.5,3105,6970.03,12902.53,2,1,43,29,272,9
"935","HH0781",81,2,675,560,5368.475,6603.475,2.5,1,39,29,272,7
"936","HH0781",81,3,1692.5,790,5501.12,7983.62,1,1,45,29,272,7
"937","HH0782",81,2,6282.5,560,2971.29,9813.79,4,1,27,29,272,2
"938","HH0782",81,3,4910,270,5728.75,10908.75,NA,1,34,29,272,2
"939","HH0783",81,3,1532.5,0,437.695,1970.195,1,1,75,29,272,1
"940","HH0783",81,2,38000,2200,4839.905,45039.905,2,1,69,29,272,1
"941","HH0784",81,2,377.5,310,697.89,1385.39,2,1,41,29,272,6
"942","HH0784",81,3,0,510,827.83,1337.83,1,1,47,29,272,6
"943","HH0785",81,2,20,1245,714.41,1979.41,1,1,37,29,272,7
"944","HH0785",81,3,1410,690,5519.225,7619.225,NA,1,43,29,272,7
"945","HH0786",81,3,965,620,2001.47,3586.47,NA,1,35,29,272,3
"946","HH0787",81,2,20,50,1924.705,1994.705,2,1,65,29,272,1
"947","HH0788",81,2,2127.5,770,4683.33,7580.83,2,1,40,29,272,10
"948","HH0789",81,2,532.5,635,5440.015,6607.515,1,1,20,29,272,3
"949","HH0790",81,2,1417.5,210,2410.625,4038.125,2,1,23,29,272,4
"950","HH0790",81,3,300,640,5481.6,6421.6,NA,1,30,29,272,4
"951","HH0791",81,3,160,320,747.615,1227.615,NA,1,29,29,272,2
"952","HH0792",81,2,4375,370,4367.25,9112.25,1,1,41,29,272,5
"953","HH0792",81,3,325,380,5212.87,5917.87,2,1,47,29,272,5
"954","HH0793",81,3,350,490,1526.01,2366.01,NA,1,24,29,272,3
"955","HH0793",81,2,175,410,701.42,1286.42,NA,1,17,29,272,3
"956","HH0794",81,3,2165,710,3257.375,6132.375,1,1,41,29,272,9
"957","HH0794",81,2,110,2860,2217.595,5187.595,1,1,35,29,272,9
"958","HH0795",81,2,0,0,1521.265,1521.265,NA,1,21,29,272,2
"959","HH0796",81,2,127.5,540,628.405,1295.905,2,1,22,29,272,3
"960","HH0797",81,2,217.5,420,4965.345,5602.845,2,1,27,29,272,7
"961","HH0798",81,3,917.5,570,4012.345,5499.845,NA,0,43,29,272,4
"962","HH0799",81,2,0,360,757.655,1117.655,NA,1,23,29,272,3
"963","HH0800",81,2,280,360,686.275,1326.275,NA,1,21,29,272,3
"964","HH0800",81,3,23620,330,4388.48,28338.48,NA,1,28,29,272,3
"965","HH0801",81,3,240,810,955.51,2005.51,NA,1,22,29,272,3
"966","HH0802",81,3,12320,2760,6437.615,21517.615,0,1,47,29,272,11
"967","HH0802",81,2,2685,1070,3435.01,7190.01,3,1,40,29,272,11
"968","HH0803",81,3,1280,330,7623.345,9233.345,NA,1,39,29,272,6
"969","HH0803",81,2,1535,1145,3868.425,6548.425,1.5,1,33,29,272,6
"970","HH0804",81,2,185,310,7798.955,8293.955,NA,1,71,29,272,1
"971","HH0805",81,2,327.5,560,3825.37,4712.87,NA,1,25,29,272,4
"972","HH0805",81,3,260,510,4618.29,5388.29,NA,1,31,29,272,4
"973","HH0806",81,3,840,440,6155.22,7435.22,2,1,56,29,272,9
"974","HH0806",81,2,2570,3295,9891.89,15756.89,2,1,49,29,272,9
"975","HH0807",81,3,19875,580,4138.85,24593.85,NA,1,37,29,272,5
"976","HH0808",81,2,417.5,735,2638.9,3791.4,3,1,27,29,272,4
"977","HH0808",81,3,550,490,6102.705,7142.705,NA,1,34,29,272,4
"978","HH0809",81,3,75,510,466.8,1051.8,NA,1,26,29,272,2
"979","HH0810",81,2,1780,460,6291.405,8531.405,5,1,30,29,272,4
"980","HH0811",81,2,40,620,2742.65,3402.65,2,1,45,29,272,9
"981","HH0811",81,3,850,510,1832.46,3192.46,3,1,51,29,272,9
"982","HH0812",81,3,330,690,4068.525,5088.525,NA,1,23,29,272,3
"983","HH0812",81,2,10685,590,618.495000000001,11893.495,NA,1,17,29,272,3
"984","HH0813",81,2,842.5,2620,5463.34,8925.84,3,1,51,29,272,9
"985","HH0814",81,2,1335,3000,5823.89,10158.89,2,1,64,29,272,3
"986","HH0815",81,3,50070,440,2947.72,53457.72,2,1,44,29,272,7
"987","HH0815",81,2,555,770,5742.375,7067.375,5,1,37,29,272,7
"988","HH0816",81,3,42515,380,5832.465,48727.465,3,1,51,29,272,5
"989","HH0816",81,2,17305,695,4943.02,22943.02,3,1,44,29,272,5
"990","HH0817",81,2,2380,1440,2413.78,6233.78,NA,1,35,29,272,9
"991","HH0818",81,2,160,420,1746.05,2326.05,4,1,35,29,272,3
"992","HH0819",81,2,4095,1495,2337.875,7927.875,3,1,24,29,272,5
"993","HH0820",81,2,28250,1280,6052.955,35582.955,6,1,63,29,272,9
"994","HH0821",81,3,1090,320,578.63,1988.63,NA,1,26,29,272,4
"995","HH0822",81,3,110,50,720.72,880.72,NA,1,26,29,272,1
"996","HH0823",81,3,422.5,180,764.32,1366.82,NA,1,29,29,272,3
"997","HH0824",81,3,445,330,461.59,1236.59,1,0,67,29,272,1
"998","HH0825",81,3,0,410,457.425,867.425,NA,1,18,29,272,3
"999","HH0826",81,3,675,620,1904.19,3199.19,NA,1,22,29,272,4
"1000","HH0827",81,2,107.5,2175,2273.595,4556.095,NA,1,32,29,272,6
"1001","HH0828",81,3,732.5,360,1324.445,2416.945,0,0,71,29,272,1
"1002","HH0829",81,2,55,450,301.83,806.83,NA,1,22,29,272,3
"1003","HH0830",81,3,112.5,770,1654.99,2537.49,NA,1,24,29,272,3
"1004","HH0831",81,2,14215,470,5000.27,19685.27,3,1,30,29,272,6
"1005","HH0831",81,3,14157.5,4808,3352.892,22318.392,NA,1,36,29,272,6
"1006","HH0832",81,3,220,50,689.52,959.52,NA,1,21,29,272,5
"1007","HH0833",81,2,2210,1790,4760.66,8760.66,3,1,30,29,272,9
"1008","HH0834",81,3,350,440,2206.87,2996.87,NA,1,40,29,272,7
"1009","HH0835",81,3,512.5,490,1559.22,2561.72,NA,1,27,29,272,3
"1010","HH0836",81,2,92.5,230,3325.91,3648.41,2,1,38,29,272,3
"1011","HH0837",81,3,440,2580,4730.195,7750.195,0,1,67,29,272,2
"1012","HH0838",81,2,150,720,754.53,1624.53,4,1,27,29,272,5
"1013","HH0839",81,3,550,1060,2143.85,3753.85,2,1,44,29,272,7
"1014","HH0840",81,3,330,760,998.905,2088.905,NA,1,22,29,272,2
"1015","HH0841",124,3,20,730,5680.7,6430.7,NA,1,38,35,141,2
"1016","HH0842",124,3,1585,915,859.47,3359.47,NA,1,33,35,141,2
"1017","HH0843",124,3,540,640,2127.29,3307.29,NA,1,60,35,141,2
"1018","HH0844",124,3,182.5,410,347.755,940.255,NA,1,26,35,141,5
"1019","HH0845",124,3,2230,390,4098.83,6718.83,NA,1,24,35,141,2
"1020","HH0846",124,3,720,630,5297.235,6647.235,NA,1,35,35,141,2
"1021","HH0847",124,3,17.5,50,619.28,686.78,NA,1,28,35,141,2
"1022","HH0848",124,3,545,60,437.495,1042.495,NA,1,19,35,141,4
"1023","HH0849",124,3,500,460,6938.395,7898.395,NA,1,25,35,141,2
"1024","HH0850",124,3,11945,1680,6931.34,20556.34,NA,1,43,35,141,2
"1025","HH0851",124,3,5892.5,740,4739.07,11371.57,NA,1,26,35,141,2
"1026","HH0852",124,3,12495,430,3335.885,16260.885,NA,1,43,35,141,2
"1027","HH0853",124,3,365,530,2135.64,3030.64,NA,1,39,35,141,2
"1028","HH0854",124,3,795,470,1871.69,3136.69,NA,1,28,35,141,2
"1029","HH0855",124,3,3747.5,440,2923.675,7111.175,NA,1,30,35,141,2
"1030","HH0856",124,3,0,720,1883.35,2603.35,NA,0,78,35,141,2
"1031","HH0857",124,3,2480,2880,5241.35,10601.35,NA,1,65,35,141,2
"1032","HH0858",124,3,3827.5,330,1655.85,5813.35,NA,1,32,35,141,2
"1033","HH0859",124,3,3835,1630,2254.735,7719.735,NA,1,39,35,141,2
"1034","HH0860",124,3,1407.5,530,4737.82,6675.32,NA,0,55,35,141,2
"1035","HH0861",111,2,215,670,586.09,1471.09,2,1,72,93,45,2
"1036","HH0862",111,2,200,560,996.955,1756.955,NA,1,38,93,45,7
"1037","HH0863",111,2,655,630,3468.66,4753.66,5,1,41,93,45,8
"1038","HH0864",111,2,745,570,5593.52,6908.52,2,1,45,93,45,3
"1039","HH0865",111,2,255,660,287.06,1202.06,NA,0,67,93,45,4
"1040","HH0866",111,2,0,900,4088.715,4988.715,2,1,40,93,45,3
"1041","HH0867",111,2,305,1030,576.245,1911.245,3,1,62,93,45,4
"1042","HH0868",111,2,2657.5,320,261.55,3239.05,NA,1,25,93,45,4
"1043","HH0869",111,2,0,580,407.205,987.205,2,0,58,93,45,6
"1044","HH0870",111,2,1185,1180,3286.475,5651.475,2,1,57,93,45,3
"1045","HH0871",111,2,217.5,770,4249.49,5236.99,NA,1,33,93,45,6
